{
  "文档数量 (行数)": 12195,
  "词汇数量 (列数)": 25112,
  "词频矩阵形状": [
    12195,
    25112
  ],
  "TF-IDF矩阵形状": [
    12195,
    25112
  ],
  "词频矩阵非零元素数": 1171035,
  "TF-IDF矩阵非零元素数": 1171035,
  "词频矩阵稀疏度": 0.9961760978712049,
  "TF-IDF矩阵稀疏度": 0.9961760978712049
}