{
  "文档数量 (行数)": 12195,
  "词汇数量 (列数)": 23946,
  "词频矩阵形状": [
    12195,
    23946
  ],
  "TF-IDF矩阵形状": [
    12195,
    23946
  ],
  "词频矩阵非零元素数": 1169086,
  "TF-IDF矩阵非零元素数": 1169086,
  "词频矩阵稀疏度": 0.9959965751833247,
  "TF-IDF矩阵稀疏度": 0.9959965751833247
}