{
  "文档数量 (行数)": 12195,
  "词汇数量 (列数)": 23818,
  "词频矩阵形状": [
    12195,
    23818
  ],
  "TF-IDF矩阵形状": [
    12195,
    23818
  ],
  "词频矩阵非零元素数": 878114,
  "TF-IDF矩阵非零元素数": 878114,
  "词频矩阵稀疏度": 0.9969768213930355,
  "TF-IDF矩阵稀疏度": 0.9969768213930355
}